num_elements,mean_rejection_score,max_rejection_score,ece,cace,mece,calibration,error,predicted_error,top1_calibration,top1_error,top1_predicted_error
9127,0.0077042053,0.16196233,0.006008516113429207,0.01201704002429978,0.012017068914865838,0.0059161615,0.0082918815,0.00237572,0.005982250014120119,0.007231291771666484,0.0012490418
9439,0.015364781,0.32495874,0.008322891055912471,0.016984850489073215,0.018222269838625932,0.008033562,0.015980506,0.007946944,0.0083229150846565,0.012713211145248437,0.004390296
9692,0.025609465,0.48673677,0.009529534913368871,0.019636827448500923,0.024226157793416202,0.008964755,0.025645893,0.016681138,0.009513000113596688,0.019706974824597608,0.010193975
10000,0.04230674,0.7943517,0.011176025390625,0.023920016519247942,0.032127992594242094,0.01008416,0.042048,0.03196384,0.011175999093055722,0.0338,0.022624
