num_elements,mean_rejection_score,max_rejection_score,ece,cace,mece,calibration,error,predicted_error,top1_calibration,top1_error,top1_predicted_error
9119,0.005935455545813437,0.1493560927928172,0.0034156246971752,0.006880109400027753,0.008470936486243627,0.0031369636,0.011175482,0.008038518,0.003245609983965658,0.007456957999780678,0.004211348
9534,0.015287287997984733,0.2997585263066178,0.005256801562312266,0.01019412327264211,0.014410147176540095,0.00406109,0.023620581,0.019559491,0.0044203710003605755,0.015838053282987204,0.011417682
9867,0.02713715043006406,0.4484271221794869,0.004964919139563983,0.010661530769237641,0.018851100117816887,0.004135661,0.039025288,0.034889627,0.004280824006000973,0.027262592479983784,0.022981768
10000,0.03364084085490453,0.7308545497472397,0.0055746236860752104,0.01260868007723474,0.021443022525310516,0.0041818395,0.04648858,0.04230674,0.004199214798212052,0.0332,0.029000785
