num_elements,mean_rejection_score,max_rejection_score,ece,cace,mece,calibration,error,predicted_error,top1_calibration,top1_error,top1_predicted_error
9127,0.0077042053,0.16196233,0.0032408350566999014,0.006481657551900224,0.00754885272806284,0.0030868477,0.010791053,0.0077042053,0.0032408357754213383,0.007231291771666484,0.003990456
9439,0.015364781,0.32495874,0.004373994049398004,0.008705358952573686,0.010636416604577238,0.0040003248,0.019365106,0.015364781,0.004331359196450734,0.012713211145248437,0.008381852
9692,0.025609465,0.48673677,0.004740578696297753,0.009805158862774156,0.014860663721372508,0.0040437616,0.029653227,0.025609465,0.0044127154105208025,0.019706974824597608,0.015294259
10000,0.04230674,0.7943517,0.0055746236860752104,0.01260868007723474,0.021443022525310516,0.0041818395,0.04648858,0.04230674,0.004199214798212052,0.0332,0.029000785
