num_elements,mean_rejection_score,max_rejection_score,ece,cace,mece,calibration,error,predicted_error,top1_calibration,top1_error,top1_predicted_error
9119,0.005935456,0.14935607,0.006412953893295674,0.012825944562410572,0.012825957887435981,0.006218753,0.008505319,0.0022865664,0.006246298490255975,0.007456957999780678,0.0012106595
9534,0.015287288,0.2997585,0.009385381823119213,0.019416835506990488,0.022454364926641983,0.008645438,0.019844767,0.011199329,0.00901615278340543,0.015733165512901194,0.0067170127
9867,0.027137151,0.44842696,0.010317246626609121,0.02261276607871439,0.029715204427364788,0.009685138,0.034754235,0.025069097,0.010268572051906049,0.027363940407418668,0.017095368
10000,0.033640843,0.7308546,0.011176025390625,0.023920016519247942,0.032127992594242094,0.01008416,0.042048,0.03196384,0.011175999093055722,0.0338,0.022624
